episode,total_reward,loss
1,-1813512.0,189387046912.0
2,-1250227.0,96269139968.0
3,-1151610.0,92536799232.0
4,-1322887.0,103551770624.0
5,-1251351.0,93051985920.0
6,-1656623.0,160847659008.0
7,-1572404.0,129675026432.0
8,-1296627.0,100055949312.0
9,-1876067.0,207449751552.0
10,-1200692.0,87948083200.0
11,-928641.0,56638836736.0
12,-1359066.0,113480343552.0
13,-1700266.0,169146023936.0
14,-1026718.0,67187982336.0
15,-1047075.0,65377095680.0
16,-1331816.0,104535236608.0
17,-1324612.0,101138898944.0
18,-1241365.0,86071869440.0
19,-1215012.0,99935846400.0
20,-1013279.0,60541911040.0
21,-1083228.0,74019397632.0
22,-1113682.0,74598350848.0
23,-1170013.0,73519939584.0
24,-1199313.0,93075513344.0
25,-1495151.0,134951100416.0
26,-965201.0,64712945664.0
27,-1304512.0,102009806848.0
28,-1024628.0,69402157056.0
29,-1681440.0,174090125312.0
30,-1406547.0,116538793984.0
31,-1378603.0,117364326400.0
32,-1076174.0,69036769280.0
33,-1232007.0,94474674176.0
34,-1069016.0,81697415168.0
35,-1518513.0,138878697472.0
36,-1543209.0,161996587008.0
37,-1668912.0,181492367360.0
38,-1319488.0,94186577920.0
39,-1004849.0,56760332288.0
40,-1447786.0,125877501952.0
41,-953901.0,57559805952.0
42,-1386107.0,111031468032.0
43,-1232214.0,104170332160.0
44,-1040512.0,79003770880.0
45,-1258188.0,107554299904.0
46,-1161958.0,90613473280.0
47,-1418906.0,130548703232.0
48,-1296896.0,105473073152.0
49,-1483076.0,133478154240.0
50,-1802262.0,150315630592.0
51,-1118328.0,80356589568.0
52,-1295087.0,100186046464.0
53,-955840.0,58322644992.0
54,-1405340.0,137534898176.0
55,-1609342.0,134832193536.0
56,-1330798.0,122284457984.0
57,-1219388.0,89428656128.0
58,-1303479.0,93082640384.0
59,-1454158.0,118754639872.0
60,-1398518.0,97852645376.0
61,-1176837.0,85500092416.0
62,-1162048.0,92668002304.0
63,-1509328.0,140253904896.0
64,-1101368.0,76373090304.0
65,-1416380.0,114204991488.0
66,-1443520.0,152143724544.0
67,-1403511.0,103980851200.0
68,-1593588.0,116613365760.0
69,-1182679.0,85777645568.0
70,-1114331.0,76628910080.0
71,-1109012.0,66137657344.0
72,-1367114.0,107709128704.0
73,-1090456.0,55853690880.0
74,-991072.0,56380256256.0
75,-1319252.0,107510104064.0
76,-1091483.0,59420491776.0
77,-1331974.0,88665473024.0
78,-1086208.0,70449348608.0
79,-900720.0,48026042368.0
80,-991146.0,57352024064.0
81,-1069422.0,64458006528.0
82,-1405386.0,114304942080.0
83,-1335268.0,93515972608.0
84,-1498351.0,133450776576.0
85,-1230436.0,78736064512.0
86,-1233459.0,74673496064.0
87,-853856.0,40694161408.0
88,-1507415.0,117707259904.0
89,-1293599.0,81730600960.0
90,-1378842.0,97891901440.0
91,-1177073.0,67682271232.0
92,-1582138.0,134303916032.0
93,-1638430.0,123334393856.0
94,-788106.0,28751806464.0
95,-1093545.0,60294123520.0
96,-1248237.0,79363457024.0
97,-1171524.0,66132574208.0
98,-978978.0,51112304640.0
99,-1117911.0,59009748992.0
100,-1241430.0,74175913984.0
101,-1301113.0,73236193280.0
102,-1220130.0,64937717760.0
103,-864367.0,36776177664.0
104,-1211658.0,66772955136.0
105,-1024256.0,46602719232.0
106,-951603.0,45170651136.0
107,-1029996.0,47156494336.0
108,-1398219.0,73934422016.0
109,-1251445.0,68825047040.0
110,-740205.0,25390643200.0
111,-1055026.0,47851974656.0
112,-1127531.0,52459929600.0
113,-923057.0,40066289664.0
114,-866732.0,34619219968.0
115,-1062971.0,56588402688.0
116,-896628.0,30952556544.0
117,-1108110.0,52107702272.0
118,-846053.0,29537853440.0
119,-890151.0,32467939328.0
120,-901263.0,32921042944.0
121,-794604.0,29593466880.0
122,-989399.0,41609125888.0
123,-1263419.0,60332351488.0
124,-632090.0,17868210176.0
125,-898153.0,31839285248.0
126,-888299.0,35987705856.0
127,-791002.0,22573821952.0
128,-499963.0,9830611968.0
129,-561629.0,13389198336.0
130,-893174.0,30605064192.0
131,-790670.0,25524025344.0
132,-794340.0,22284822528.0
133,-493324.0,9083936768.0
134,-747624.0,21701664768.0
135,-525081.0,10836524032.0
136,-543708.0,11009750016.0
137,-591503.0,13533148160.0
138,-523895.0,11388669952.0
139,-528773.0,10839278592.0
140,-530383.0,11576923136.0
141,-796181.0,23898372096.0
142,-571565.0,11286519808.0
143,-581915.0,12573662208.0
144,-541422.0,11289294848.0
145,-818794.0,24539033600.0
146,-738484.0,20255277056.0
147,-665225.0,18692579328.0
148,-608111.0,14950771712.0
149,-506002.0,7412287488.0
150,-720053.0,18400765952.0
151,-547331.0,11279512576.0
152,-567653.0,11260090368.0
153,-552596.0,12060881920.0
154,-558198.0,11169397760.0
155,-500365.0,8970571776.0
156,-506978.0,9363300352.0
157,-481825.0,8783837184.0
158,-519577.0,9968905216.0
159,-484327.0,6884510720.0
160,-619530.0,14354414592.0
161,-609951.0,15309934592.0
162,-639844.0,16900581376.0
163,-609859.0,14400664576.0
164,-533062.0,10717186048.0
165,-523591.0,10777014272.0
166,-526771.0,9020850176.0
167,-464003.0,8299669504.0
168,-506978.0,9360235520.0
169,-455293.0,7748795904.0
170,-546267.0,11133352960.0
171,-477142.0,8525986304.0
172,-481825.0,8779149312.0
173,-584271.0,11666191360.0
174,-497982.0,8847766528.0
175,-520912.0,10102755328.0
176,-455293.0,7609892352.0
177,-455293.0,7609814528.0
178,-546267.0,10734878720.0
179,-572900.0,10877947904.0
180,-492446.0,8851983360.0
181,-546057.0,11975919616.0
182,-455060.0,7743216128.0
183,-422104.0,6594997248.0
184,-455293.0,7609247744.0
185,-455293.0,7609163776.0
186,-394552.0,5767164416.0
187,-468680.0,8015175168.0
188,-455293.0,7676841472.0
189,-455293.0,7608820736.0
190,-455104.0,7529081344.0
191,-390354.0,5720466432.0
192,-546267.0,10639030272.0
193,-477142.0,8601782272.0
194,-475057.0,8358195200.0
195,-455293.0,7676216832.0
196,-455293.0,7608189440.0
197,-455293.0,7608096256.0
198,-478881.0,8476321280.0
199,-386300.0,5353152512.0
200,-455293.0,7607810560.0
201,-457405.0,7664125440.0
202,-459095.0,7435355136.0
203,-455293.0,7607517696.0
204,-455293.0,7607419392.0
205,-455293.0,7607319552.0
206,-455293.0,7675135488.0
207,-437029.0,5901981696.0
208,-455293.0,7607014912.0
209,-426653.0,6492033024.0
210,-455293.0,7674732032.0
211,-455293.0,7606704640.0
212,-455293.0,7674509824.0
213,-451103.0,7617659392.0
214,-455293.0,7606386688.0
215,-455293.0,7606279168.0
216,-455293.0,7606170624.0
217,-455293.0,7606061056.0
218,-455293.0,7605950976.0
219,-479036.0,8345610240.0
220,-455293.0,7673631744.0
221,-455293.0,7605616640.0
222,-455293.0,7605502976.0
223,-455293.0,7605389312.0
224,-455293.0,7673171456.0
225,-455293.0,7605157888.0
226,-455293.0,7605042176.0
227,-455293.0,7604924416.0
228,-455293.0,7604805632.0
229,-455293.0,7672592384.0
230,-455293.0,7604567040.0
231,-455293.0,7604446208.0
232,-455293.0,7604323840.0
233,-455293.0,7672089600.0
234,-506978.0,9188633600.0
235,-455293.0,7603954688.0
236,-455293.0,7603830784.0
237,-455293.0,7603703808.0
238,-455293.0,7603576832.0
239,-455293.0,7603449856.0
240,-455293.0,7603320832.0
241,-455293.0,7603190784.0
242,-455293.0,7603061760.0
243,-455293.0,7602930688.0
244,-455293.0,7602798592.0
245,-455293.0,7602665472.0
246,-455293.0,7602532352.0
247,-455293.0,7602397696.0
248,-455293.0,7602262528.0
249,-455293.0,7602125824.0
250,-455293.0,7601989632.0
251,-455293.0,7601851392.0
252,-365681.0,4972063232.0
253,-455293.0,7601572352.0
254,-455293.0,7601431552.0
255,-455293.0,7601289728.0
256,-455293.0,7601147904.0
257,-455293.0,7601004544.0
258,-455293.0,7600860160.0
259,-455293.0,7600714752.0
260,-455293.0,7600569344.0
261,-455293.0,7600421888.0
262,-455293.0,7600273408.0
263,-455293.0,7600124928.0
264,-455293.0,7599975424.0
265,-455293.0,7599824896.0
266,-455293.0,7599672320.0
267,-455293.0,7599520768.0
268,-455293.0,7599367168.0
269,-455293.0,7599212544.0
270,-455293.0,7599056896.0
271,-455293.0,7598900736.0
272,-455293.0,7598743552.0
273,-455293.0,7598585856.0
274,-455293.0,7598426112.0
275,-455293.0,7598266368.0
276,-455293.0,7598105600.0
277,-455293.0,7597943808.0
278,-455293.0,7597779968.0
279,-455293.0,7597616640.0
280,-455293.0,7597451264.0
281,-455293.0,7597285888.0
282,-455293.0,7597119488.0
283,-455293.0,7596951552.0
284,-455293.0,7596782080.0
285,-455293.0,7596612608.0
286,-455293.0,7596441600.0
287,-455293.0,7596270592.0
288,-455293.0,7596097024.0
289,-455293.0,7595923968.0
290,-455293.0,7595748864.0
291,-455293.0,7595573248.0
292,-455293.0,7595396096.0
293,-455293.0,7595218432.0
294,-455293.0,7595039744.0
295,-455293.0,7594859520.0
296,-455293.0,7594679296.0
297,-455293.0,7594497024.0
298,-455293.0,7594313728.0
299,-455293.0,7594129408.0
300,-455293.0,7593944064.0
301,-455293.0,7593757696.0
302,-455293.0,7593570304.0
303,-455293.0,7593381888.0
304,-455293.0,7593192960.0
305,-455293.0,7593003008.0
306,-455293.0,7592810496.0
307,-455293.0,7592617472.0
308,-455293.0,7592422912.0
309,-455293.0,7592227328.0
310,-455293.0,7592031232.0
311,-455293.0,7591834624.0
312,-455293.0,7591634944.0
313,-455293.0,7591435264.0
314,-455293.0,7591234560.0
315,-455293.0,7591031808.0
316,-455293.0,7590828544.0
317,-455293.0,7590623744.0
318,-455293.0,7590417920.0
319,-455293.0,7590211584.0
320,-455293.0,7590002688.0
321,-455293.0,7589793792.0
322,-455293.0,7589582848.0
323,-455293.0,7589370880.0
324,-455293.0,7589157888.0
325,-455293.0,7588943360.0
326,-455293.0,7588727808.0
327,-455293.0,7588510208.0
328,-455293.0,7588292608.0
329,-455293.0,7588073472.0
330,-455293.0,7587852288.0
331,-455293.0,7587630080.0
332,-455293.0,7587407872.0
333,-455293.0,7587183616.0
334,-455293.0,7586957824.0
335,-455293.0,7586731008.0
336,-455293.0,7586502656.0
337,-455293.0,7586273792.0
338,-455293.0,7586042880.0
339,-455293.0,7585810432.0
340,-455293.0,7585577984.0
341,-455293.0,7585343488.0
342,-455293.0,7585107456.0
343,-455293.0,7584870400.0
344,-455293.0,7584631808.0
345,-455293.0,7584392192.0
346,-455293.0,7584152576.0
347,-455293.0,7583909888.0
348,-455293.0,7583666688.0
349,-455293.0,7583421952.0
350,-455293.0,7583175680.0
351,-455293.0,7582928384.0
352,-455293.0,7582680064.0
353,-455293.0,7582430208.0
354,-455293.0,7582179328.0
355,-455293.0,7581926912.0
356,-455293.0,7581673472.0
357,-455293.0,7581418496.0
358,-455293.0,7581161472.0
359,-455293.0,7580904448.0
360,-455293.0,7580645376.0
361,-455293.0,7580386304.0
362,-455293.0,7580124160.0
363,-455293.0,7579861504.0
364,-455293.0,7579597312.0
365,-455293.0,7579331584.0
366,-455293.0,7579065856.0
367,-455293.0,7578796544.0
368,-455293.0,7578527744.0
369,-455293.0,7578256896.0
370,-455293.0,7577985024.0
371,-455293.0,7577712128.0
372,-455293.0,7577437184.0
373,-455293.0,7577161216.0
374,-455293.0,7576884224.0
375,-455293.0,7576605696.0
376,-455293.0,7576326144.0
377,-455293.0,7576044544.0
378,-455293.0,7575761920.0
379,-455293.0,7575478272.0
380,-455293.0,7575193600.0
381,-455293.0,7574906368.0
382,-455293.0,7574618112.0
383,-455293.0,7574329344.0
384,-455293.0,7574038528.0
385,-455293.0,7573746688.0
386,-455293.0,7573453824.0
387,-455293.0,7573158912.0
388,-455293.0,7572862976.0
389,-455293.0,7572566016.0
390,-455293.0,7572267008.0
391,-455293.0,7571968000.0
392,-455293.0,7571664896.0
393,-455293.0,7571363840.0
394,-455293.0,7571059712.0
395,-455293.0,7570754560.0
396,-455293.0,7570446336.0
397,-455293.0,7570139136.0
398,-455293.0,7569829376.0
399,-455293.0,7569518592.0
400,-455293.0,7569206272.0
401,-455293.0,7568892928.0
402,-455293.0,7568577536.0
403,-455293.0,7568261120.0
404,-455293.0,7567943680.0
405,-455293.0,7567623680.0
406,-455293.0,7567303680.0
407,-455293.0,7566982144.0
408,-455293.0,7566659072.0
409,-455293.0,7566333952.0
410,-455293.0,7566008320.0
411,-455293.0,7565680128.0
412,-455293.0,7565351424.0
413,-455293.0,7565021184.0
414,-455293.0,7564689408.0
415,-455293.0,7564356096.0
416,-455293.0,7564022272.0
417,-455293.0,7563685888.0
418,-455293.0,7563348992.0
419,-455293.0,7563010048.0
420,-455293.0,7562670080.0
421,-455293.0,7562328064.0
422,-455293.0,7561985536.0
423,-455293.0,7561641472.0
424,-455293.0,7561294848.0
425,-455293.0,7560947712.0
426,-455293.0,7560599552.0
427,-455293.0,7560248832.0
428,-455293.0,7559897088.0
429,-455293.0,7559544832.0
430,-455293.0,7559190528.0
431,-455293.0,7558834176.0
432,-455293.0,7558476800.0
433,-455293.0,7558118400.0
434,-455293.0,7557757952.0
435,-455293.0,7557396480.0
436,-455293.0,7557032960.0
437,-455293.0,7556668416.0
438,-455293.0,7556302848.0
439,-455293.0,7555935232.0
440,-455293.0,7555566080.0
441,-455293.0,7555195904.0
442,-455293.0,7554824192.0
443,-455293.0,7554451456.0
444,-455293.0,7554075648.0
445,-455293.0,7553699840.0
446,-455293.0,7553321472.0
447,-455293.0,7552943104.0
448,-455293.0,7552562176.0
449,-455293.0,7552179200.0
450,-455293.0,7551795200.0
451,-455293.0,7551411200.0
452,-455293.0,7551024128.0
453,-455293.0,7550636032.0
454,-455293.0,7550246400.0
455,-455293.0,7549855744.0
456,-455293.0,7549462528.0
457,-455293.0,7549069312.0
458,-455293.0,7548672512.0
459,-455293.0,7548275712.0
460,-455293.0,7547877376.0
461,-455293.0,7547476480.0
462,-455293.0,7547075072.0
463,-455293.0,7546671616.0
464,-455293.0,7546266624.0
465,-455293.0,7545861120.0
466,-455293.0,7545452544.0
467,-455293.0,7545043968.0
468,-455293.0,7544632832.0
469,-455293.0,7544219648.0
470,-455293.0,7543806464.0
471,-455293.0,7543391232.0
472,-455293.0,7542974464.0
473,-455293.0,7542555648.0
474,-455293.0,7542134784.0
475,-455293.0,7541713920.0
476,-455293.0,7541290496.0
477,-455293.0,7540865536.0
478,-455293.0,7540439040.0
479,-455293.0,7540012032.0
480,-455293.0,7539582464.0
481,-455293.0,7539151872.0
482,-455293.0,7538719232.0
483,-455293.0,7538285056.0
484,-455293.0,7537849344.0
485,-455293.0,7537412096.0
486,-455293.0,7536972800.0
487,-455293.0,7536532992.0
488,-455293.0,7536090624.0
489,-455293.0,7535647232.0
490,-455293.0,7535202304.0
491,-455293.0,7534755840.0
492,-455293.0,7534307328.0
493,-455293.0,7533856768.0
494,-455293.0,7533405696.0
495,-455293.0,7532952576.0
496,-455293.0,7532497920.0
497,-455293.0,7532041728.0
498,-455293.0,7531583488.0
499,-455293.0,7531124224.0
500,-455293.0,7530662912.0
501,-455293.0,7530200064.0
502,-455293.0,7529736192.0
503,-455293.0,7529269248.0
504,-455293.0,7528802304.0
505,-455293.0,7528333312.0
506,-455293.0,7527862784.0
507,-455293.0,7527389184.0
508,-455293.0,7526916096.0
509,-455293.0,7526439936.0
510,-455293.0,7525962752.0
511,-455293.0,7525484032.0
512,-455293.0,7525003264.0
513,-455293.0,7524520960.0
514,-455293.0,7524036608.0
515,-455293.0,7523551232.0
516,-455293.0,7523064832.0
517,-455293.0,7522575360.0
518,-455293.0,7522084352.0
519,-455293.0,7521592320.0
520,-455293.0,7521098752.0
521,-455293.0,7520603136.0
522,-455293.0,7520105472.0
523,-455293.0,7519606784.0
524,-455293.0,7519106048.0
525,-455293.0,7518604288.0
526,-455293.0,7518100480.0
527,-455293.0,7517594624.0
528,-455293.0,7517087744.0
529,-455293.0,7516578816.0
530,-455293.0,7516068352.0
531,-455293.0,7515556352.0
532,-455293.0,7515041792.0
533,-455293.0,7514526720.0
534,-455293.0,7514009088.0
535,-455293.0,7513489408.0
536,-455293.0,7512969216.0
537,-455293.0,7512446464.0
538,-455293.0,7511922176.0
539,-455293.0,7511396352.0
540,-455293.0,7510868992.0
541,-455293.0,7510339584.0
542,-455293.0,7509808128.0
543,-455293.0,7509275648.0
544,-455293.0,7508741120.0
545,-455293.0,7508205568.0
546,-455293.0,7507666944.0
547,-455293.0,7507127296.0
548,-455293.0,7506586624.0
549,-455293.0,7506042880.0
550,-455293.0,7505498624.0
551,-455293.0,7504951808.0
552,-455293.0,7504403456.0
553,-455293.0,7503853568.0
554,-455293.0,7503300608.0
555,-455293.0,7502747648.0
556,-455293.0,7502192128.0
557,-455293.0,7501635584.0
558,-455293.0,7501076480.0
559,-455293.0,7500516352.0
560,-455293.0,7499953664.0
561,-455293.0,7499389952.0
562,-455293.0,7498823680.0
563,-455293.0,7498255872.0
564,-455293.0,7497686528.0
565,-455293.0,7497114624.0
566,-455293.0,7496541696.0
567,-455293.0,7495967232.0
568,-455293.0,7495390208.0
569,-455293.0,7494812672.0
570,-455293.0,7494232064.0
571,-455293.0,7493650432.0
572,-455293.0,7493066752.0
573,-455293.0,7492481024.0
574,-455293.0,7491893248.0
575,-455293.0,7491304448.0
576,-455293.0,7490713600.0
577,-455293.0,7490120704.0
578,-455293.0,7489526272.0
579,-455293.0,7488929792.0
580,-455293.0,7488331776.0
581,-455293.0,7487732224.0
582,-455293.0,7487130624.0
583,-455293.0,7486526976.0
584,-455293.0,7485921280.0
585,-455293.0,7485314048.0
586,-455293.0,7484704768.0
587,-455293.0,7484093440.0
588,-455293.0,7483480576.0
589,-455293.0,7482866688.0
590,-455293.0,7482250240.0
591,-455293.0,7481631744.0
592,-455293.0,7481011712.0
593,-455293.0,7480389632.0
594,-455293.0,7479766016.0
595,-455293.0,7479140352.0
596,-455293.0,7478512128.0
597,-455293.0,7477883904.0
598,-455293.0,7477252096.0
599,-455293.0,7476619264.0
600,-455293.0,7475984384.0
601,-455293.0,7475347456.0
602,-455293.0,7474708480.0
603,-455293.0,7474068480.0
604,-455293.0,7473425408.0
605,-455293.0,7472781312.0
606,-455293.0,7472135168.0
607,-455293.0,7471485952.0
608,-455293.0,7470836736.0
609,-455293.0,7470184448.0
610,-455293.0,7469531136.0
611,-455293.0,7468875776.0
612,-455293.0,7468218368.0
613,-455293.0,7467558912.0
614,-455293.0,7466896896.0
615,-455293.0,7466233856.0
616,-455293.0,7465569280.0
617,-455293.0,7464901632.0
618,-455293.0,7464232960.0
619,-455293.0,7463562240.0
620,-455293.0,7462888960.0
621,-455293.0,7462214656.0
622,-455293.0,7461537792.0
623,-455293.0,7460859392.0
624,-455293.0,7460178944.0
625,-455293.0,7459496960.0
626,-455293.0,7458811904.0
627,-455293.0,7458125824.0
628,-455293.0,7457438720.0
629,-455293.0,7456747520.0
630,-455293.0,7456055296.0
631,-455293.0,7455362048.0
632,-455293.0,7454665728.0
633,-455293.0,7453967872.0
634,-455293.0,7453267968.0
635,-455293.0,7452566016.0
636,-455293.0,7451862528.0
637,-455293.0,7451156992.0
638,-455293.0,7450448896.0
639,-455293.0,7449739776.0
640,-455293.0,7449028096.0
641,-455293.0,7448314368.0
642,-455293.0,7447598080.0
643,-455293.0,7446881280.0
644,-455293.0,7446161920.0
645,-455293.0,7445439488.0
646,-455293.0,7444716544.0
647,-455293.0,7443991552.0
648,-455293.0,7443264512.0
649,-455293.0,7442534912.0
650,-455293.0,7441802240.0
651,-455293.0,7441070080.0
652,-455293.0,7440334848.0
653,-455293.0,7439597056.0
654,-455293.0,7438857728.0
655,-455293.0,7438115840.0
656,-455293.0,7437373440.0
657,-455293.0,7436626944.0
658,-455293.0,7435879936.0
659,-455293.0,7435130880.0
660,-455293.0,7434379264.0
661,-455293.0,7433625600.0
662,-455293.0,7432870912.0
663,-455293.0,7432112128.0
664,-455293.0,7431353344.0
665,-455293.0,7430592000.0
666,-455293.0,7429828096.0
667,-455293.0,7429062656.0
668,-455293.0,7428295680.0
669,-455293.0,7427525632.0
670,-455293.0,7426753536.0
671,-455293.0,7425979392.0
672,-455293.0,7425204224.0
673,-455293.0,7424425984.0
674,-455293.0,7423645696.0
675,-455293.0,7422864384.0
676,-455293.0,7422080000.0
677,-455293.0,7421294592.0
678,-455293.0,7420506112.0
679,-455293.0,7419715584.0
680,-455293.0,7418923008.0
681,-455293.0,7418129408.0
682,-455293.0,7417333248.0
683,-455293.0,7416534528.0
684,-455293.0,7415733760.0
685,-455293.0,7414931456.0
686,-455293.0,7414126592.0
687,-455293.0,7413319680.0
688,-455293.0,7412510720.0
689,-455293.0,7411699712.0
690,-455293.0,7410887168.0
691,-455293.0,7410072064.0
692,-455293.0,7409255424.0
693,-455293.0,7408436224.0
694,-455293.0,7407613952.0
695,-455293.0,7406790656.0
696,-455293.0,7405965312.0
697,-455293.0,7405137920.0
698,-455293.0,7404307456.0
699,-455293.0,7403475968.0
700,-455293.0,7402642432.0
701,-455293.0,7401805824.0
702,-455293.0,7400967168.0
703,-455293.0,7400126464.0
704,-455293.0,7399284736.0
705,-455293.0,7398439936.0
706,-455293.0,7397593088.0
707,-455293.0,7396744192.0
708,-455293.0,7395893248.0
709,-455293.0,7395039744.0
710,-455293.0,7394184704.0
711,-455293.0,7393327104.0
712,-455293.0,7392467968.0
713,-455293.0,7391605760.0
714,-455293.0,7390742528.0
715,-455293.0,7389875200.0
716,-455293.0,7389007872.0
717,-455293.0,7388136960.0
718,-455293.0,7387265024.0
719,-455293.0,7386390528.0
720,-455293.0,7385513472.0
721,-455293.0,7384634368.0
722,-455293.0,7383753728.0
723,-455293.0,7382870016.0
724,-455293.0,7381984256.0
725,-455293.0,7381097472.0
726,-455293.0,7380207616.0
727,-455293.0,7379315200.0
728,-455293.0,7378421760.0
729,-455293.0,7377524736.0
730,-455293.0,7376626688.0
731,-455293.0,7375725568.0
732,-455293.0,7374822400.0
733,-455293.0,7373917696.0
734,-455293.0,7373009920.0
735,-455293.0,7372100608.0
736,-455293.0,7371188736.0
737,-455293.0,7370275328.0
738,-455293.0,7369359360.0
739,-455293.0,7368440320.0
740,-455293.0,7367520256.0
741,-455293.0,7366597632.0
742,-455293.0,7365672960.0
743,-455293.0,7364745216.0
744,-455293.0,7363816448.0
745,-455293.0,7362884608.0
746,-455293.0,7361950720.0
747,-455293.0,7361014272.0
748,-455293.0,7360075776.0
749,-455293.0,7359135744.0
750,-455293.0,7358193664.0
751,-455293.0,7357247488.0
752,-455293.0,7356301312.0
753,-455293.0,7355351040.0
754,-455293.0,7354400256.0
755,-455293.0,7353445376.0
756,-455293.0,7352489472.0
757,-455293.0,7351531520.0
758,-455293.0,7350570496.0
759,-455293.0,7349607424.0
760,-455293.0,7348641792.0
761,-455293.0,7347675136.0
762,-455293.0,7346705920.0
763,-455293.0,7345733632.0
764,-455293.0,7344758784.0
765,-455293.0,7343782912.0
766,-455293.0,7342803968.0
767,-455293.0,7341822976.0
768,-455293.0,7340838912.0
769,-455293.0,7339853824.0
770,-455293.0,7338866176.0
771,-455293.0,7337876480.0
772,-455293.0,7336884224.0
773,-455293.0,7335888896.0
774,-455293.0,7334891520.0
775,-455293.0,7333893120.0
776,-455293.0,7332891136.0
777,-455293.0,7331887104.0
778,-455293.0,7330881024.0
779,-455293.0,7329872384.0
780,-455293.0,7328862208.0
781,-455293.0,7327848960.0
782,-455293.0,7326832640.0
783,-455293.0,7325815808.0
784,-455293.0,7324795392.0
785,-455293.0,7323773440.0
786,-455293.0,7322748928.0
787,-455293.0,7321721856.0
788,-455293.0,7320692736.0
789,-455293.0,7319660544.0
790,-455293.0,7318627328.0
791,-455293.0,7317591040.0
792,-455293.0,7316552704.0
793,-455293.0,7315511296.0
794,-455293.0,7314467840.0
795,-455293.0,7313422848.0
796,-455293.0,7312374272.0
797,-455293.0,7311324160.0
798,-455293.0,7310271488.0
799,-455293.0,7309216768.0
800,-455293.0,7308160000.0
801,-455293.0,7307100160.0
802,-455293.0,7306037760.0
803,-455293.0,7304973312.0
804,-455293.0,7303907328.0
805,-455293.0,7302837248.0
806,-455293.0,7301766144.0
807,-455293.0,7300692480.0
808,-455293.0,7299616768.0
809,-455293.0,7298538496.0
810,-455293.0,7297457152.0
811,-455293.0,7296373760.0
812,-455293.0,7295288320.0
813,-455293.0,7294200320.0
814,-455293.0,7293109248.0
815,-455293.0,7292017664.0
816,-455293.0,7290923008.0
817,-455293.0,7289825280.0
818,-455293.0,7288724480.0
819,-455293.0,7287622144.0
820,-455293.0,7286517248.0
821,-455293.0,7285410816.0
822,-455293.0,7284301312.0
823,-455293.0,7283189760.0
824,-455293.0,7282075648.0
825,-455293.0,7280958464.0
826,-455293.0,7279839232.0
827,-455293.0,7278717440.0
828,-455293.0,7277593600.0
829,-455293.0,7276467200.0
830,-455293.0,7275338752.0
831,-455293.0,7274207232.0
832,-455293.0,7273074688.0
833,-455293.0,7271938560.0
834,-455293.0,7270800384.0
835,-455293.0,7269659648.0
836,-455293.0,7268515840.0
837,-455293.0,7267369984.0
838,-455293.0,7266222080.0
839,-455293.0,7265072128.0
840,-455293.0,7263919104.0
841,-455293.0,7262763008.0
842,-455293.0,7261605888.0
843,-455293.0,7260445696.0
844,-455293.0,7259282432.0
845,-455293.0,7258117120.0
846,-455293.0,7256949760.0
847,-455293.0,7255779328.0
848,-455293.0,7254606848.0
849,-455293.0,7253432320.0
850,-455293.0,7252254720.0
851,-455293.0,7251074560.0
852,-455293.0,7249892352.0
853,-455293.0,7248707584.0
854,-455293.0,7247520768.0
855,-455293.0,7246330880.0
856,-455293.0,7245138432.0
857,-455293.0,7243943936.0
858,-455293.0,7242746880.0
859,-455293.0,7241546752.0
860,-455293.0,7240344576.0
861,-455293.0,7239140352.0
862,-455293.0,7237933056.0
863,-455293.0,7236723712.0
864,-455293.0,7235511808.0
865,-455293.0,7234297344.0
866,-455293.0,7233080320.0
867,-455293.0,7231860736.0
868,-455293.0,7230639104.0
869,-455293.0,7229414912.0
870,-455293.0,7228187648.0
871,-455293.0,7226957312.0
872,-455293.0,7225725952.0
873,-455293.0,7224492032.0
874,-455293.0,7223254016.0
875,-455293.0,7222014976.0
876,-455293.0,7220772864.0
877,-455293.0,7219528704.0
878,-455293.0,7218280448.0
879,-455293.0,7217032192.0
880,-455293.0,7215779840.0
881,-455293.0,7214524928.0
882,-455293.0,7213267968.0
883,-455293.0,7212008448.0
884,-455293.0,7210745856.0
885,-455293.0,7209481728.0
886,-455293.0,7208214528.0
887,-455293.0,7206944768.0
888,-455293.0,7205671936.0
889,-455293.0,7204397056.0
890,-455293.0,7203120128.0
891,-455293.0,7201840128.0
892,-455293.0,7200557568.0
893,-455293.0,7199272960.0
894,-455293.0,7197985280.0
895,-455293.0,7196695040.0
896,-455293.0,7195402240.0
897,-455293.0,7194106880.0
898,-455293.0,7192809472.0
899,-455293.0,7191508992.0
900,-455293.0,7190206464.0
901,-455293.0,7188900864.0
902,-455293.0,7187592192.0
903,-455293.0,7186282496.0
904,-455293.0,7184969216.0
905,-455293.0,7183653888.0
906,-455293.0,7182335488.0
907,-455293.0,7181015040.0
908,-455293.0,7179691008.0
909,-455293.0,7178364928.0
910,-455293.0,7177036800.0
911,-455293.0,7175704576.0
912,-455293.0,7174372352.0
913,-455293.0,7173035520.0
914,-455293.0,7171696640.0
915,-455293.0,7170355200.0
916,-455293.0,7169011200.0
917,-455293.0,7167664128.0
918,-455293.0,7166315520.0
919,-455293.0,7164963840.0
920,-455293.0,7163608576.0
921,-455293.0,7162251264.0
922,-455293.0,7160891392.0
923,-455293.0,7159529984.0
924,-455293.0,7158164992.0
925,-455293.0,7156797440.0
926,-455293.0,7155426816.0
927,-455293.0,7154054144.0
928,-455293.0,7152679936.0
929,-455293.0,7151301632.0
930,-455293.0,7149920768.0
931,-455293.0,7148537856.0
932,-455293.0,7147151872.0
933,-455293.0,7145763840.0
934,-455293.0,7144373248.0
935,-455293.0,7142979584.0
936,-455293.0,7141582848.0
937,-455293.0,7140184064.0
938,-455293.0,7138782208.0
939,-455293.0,7137378304.0
940,-455293.0,7135971328.0
941,-455293.0,7134562304.0
942,-455293.0,7133150208.0
943,-455293.0,7131735040.0
944,-455293.0,7130317824.0
945,-455293.0,7128897536.0
946,-455293.0,7127475200.0
947,-455293.0,7126049792.0
948,-455293.0,7124622336.0
949,-455293.0,7123191808.0
950,-455293.0,7121758208.0
951,-455293.0,7120322560.0
952,-455293.0,7118883840.0
953,-455293.0,7117443072.0
954,-455293.0,7115998208.0
955,-455293.0,7114552320.0
956,-455293.0,7113102336.0
957,-455293.0,7111651328.0
958,-455293.0,7110196224.0
959,-455293.0,7108739072.0
960,-455293.0,7107278848.0
961,-455293.0,7105816576.0
962,-455293.0,7104352256.0
963,-455293.0,7102883328.0
964,-455293.0,7101412864.0
965,-455293.0,7099939840.0
966,-455293.0,7098463744.0
967,-455293.0,7096985088.0
968,-455293.0,7095503360.0
969,-455293.0,7094019584.0
970,-455293.0,7092533248.0
971,-455293.0,7091043328.0
972,-455293.0,7089551872.0
973,-455293.0,7088057344.0
974,-455293.0,7086559232.0
975,-455293.0,7085059072.0
976,-455293.0,7083556352.0
977,-455293.0,7082051072.0
978,-455293.0,7080542208.0
979,-455293.0,7079031808.0
980,-455293.0,7077518336.0
981,-455293.0,7076000768.0
982,-455293.0,7074482688.0
983,-455293.0,7072960512.0
984,-455293.0,7071435776.0
985,-455293.0,7069908480.0
986,-455293.0,7068378624.0
987,-455293.0,7066846208.0
988,-455293.0,7065310208.0
989,-455293.0,7063773184.0
990,-455293.0,7062231040.0
991,-455293.0,7060688384.0
992,-455293.0,7059141632.0
993,-455293.0,7057592320.0
994,-455293.0,7056040960.0
995,-455293.0,7054486528.0
996,-455293.0,7052929024.0
997,-455293.0,7051368960.0
998,-455293.0,7049806336.0
999,-455293.0,7048241152.0
1000,-455293.0,7046673408.0
