episode,total_reward,avg_reward_per_decision,epsilon
1,-675307.0,-4019.6845,0.997
2,-606184.0,-3861.0446,0.994
3,-672710.0,-4004.2262,0.991
4,-671327.0,-3903.064,0.9881
5,-654363.0,-3871.9704,0.9851
6,-619829.0,-3711.5509,0.9821
7,-716162.0,-4476.0125,0.9792
8,-553053.0,-3272.503,0.9763
9,-705775.0,-4226.1976,0.9733
10,-564574.0,-3360.5595,0.9704
11,-478017.0,-2747.2241,0.9675
12,-698830.0,-3926.0112,0.9646
13,-538959.0,-3151.807,0.9617
14,-735898.0,-4459.9879,0.9588
15,-601485.0,-3559.0828,0.9559
16,-613213.0,-3464.4802,0.9531
17,-1094221.0,-6672.0793,0.9502
18,-456571.0,-2685.7118,0.9474
19,-613076.0,-3627.6686,0.9445
20,-811264.0,-4716.6512,0.9417
21,-673677.0,-3871.7069,0.9389
22,-519608.0,-2935.6384,0.936
23,-718109.0,-4199.4678,0.9332
24,-856377.0,-5037.5118,0.9304
25,-508331.0,-2855.7921,0.9276
26,-703421.0,-4042.6494,0.9249
27,-566202.0,-3311.1228,0.9221
28,-544448.0,-3093.4545,0.9193
29,-573674.0,-3354.8187,0.9166
30,-494333.0,-2761.6369,0.9138
31,-931033.0,-5575.0479,0.9111
32,-613600.0,-3652.381,0.9083
33,-556058.0,-3290.284,0.9056
34,-571203.0,-3191.0782,0.9029
35,-641078.0,-3642.4886,0.9002
36,-611622.0,-3576.7368,0.8975
37,-597813.0,-3416.0743,0.8948
38,-939789.0,-5370.2229,0.8921
39,-558486.0,-3173.2159,0.8894
40,-591401.0,-3285.5611,0.8868
41,-671447.0,-3881.1965,0.8841
42,-583055.0,-3331.7429,0.8814
43,-581983.0,-3344.7299,0.8788
44,-657105.0,-3865.3235,0.8762
45,-830982.0,-4775.7586,0.8735
46,-712902.0,-4169.0175,0.8709
47,-637715.0,-3644.0857,0.8683
48,-750487.0,-4521.006,0.8657
49,-1107389.0,-6084.5549,0.8631
50,-643736.0,-3636.9266,0.8605
51,-552388.0,-3138.5682,0.8579
52,-567049.0,-3032.3476,0.8554
53,-590559.0,-3355.4489,0.8528
54,-637165.0,-3579.5787,0.8502
55,-577954.0,-3321.5747,0.8477
56,-565065.0,-3071.0054,0.8451
57,-643036.0,-3674.4914,0.8426
58,-677353.0,-3870.5886,0.8401
59,-589372.0,-3238.3077,0.8376
60,-553872.0,-2977.8065,0.835
61,-690966.0,-3994.0231,0.8325
62,-592063.0,-3166.1123,0.83
63,-630330.0,-3521.3966,0.8276
64,-598978.0,-3237.7189,0.8251
65,-630409.0,-3521.838,0.8226
66,-709802.0,-3965.3743,0.8201
67,-627752.0,-3468.2431,0.8177
68,-578363.0,-3267.5876,0.8152
69,-700216.0,-4001.2343,0.8128
70,-973541.0,-5319.8962,0.8103
71,-636234.0,-3439.1027,0.8079
72,-614943.0,-3378.8077,0.8055
73,-650915.0,-3576.456,0.8031
74,-482572.0,-2553.291,0.8006
75,-793006.0,-4333.3661,0.7982
76,-656575.0,-3549.0541,0.7959
77,-542726.0,-2965.7158,0.7935
78,-625564.0,-3456.1547,0.7911
79,-560016.0,-2978.8085,0.7887
80,-792578.0,-4403.2111,0.7863
81,-650414.0,-3405.3089,0.784
82,-638497.0,-3607.3277,0.7816
83,-650681.0,-3536.3098,0.7793
84,-497948.0,-2662.8235,0.777
85,-489482.0,-2719.3444,0.7746
86,-589154.0,-3201.9239,0.7723
87,-620905.0,-3374.4837,0.77
88,-773375.0,-4249.3132,0.7677
89,-657618.0,-3736.4659,0.7654
90,-569433.0,-3235.4148,0.7631
91,-682748.0,-3946.5202,0.7608
92,-610883.0,-3320.0163,0.7585
93,-561555.0,-3002.9679,0.7562
94,-675813.0,-3692.9672,0.754
95,-634508.0,-3339.5158,0.7517
96,-591387.0,-3341.1695,0.7494
97,-641379.0,-3393.5397,0.7472
98,-476579.0,-2521.582,0.7449
99,-491283.0,-2655.5838,0.7427
100,-704733.0,-3709.1211,0.7405
101,-530992.0,-2824.4255,0.7383
102,-610150.0,-3066.0804,0.736
103,-520120.0,-2857.8022,0.7338
104,-559280.0,-2959.1534,0.7316
105,-811877.0,-4341.5882,0.7294
106,-547794.0,-2898.381,0.7273
107,-566254.0,-3111.2857,0.7251
108,-556764.0,-2977.3476,0.7229
109,-714921.0,-3823.107,0.7207
110,-548360.0,-2841.2435,0.7186
111,-524847.0,-2776.9683,0.7164
112,-593421.0,-3225.1141,0.7143
113,-594029.0,-3176.6257,0.7121
114,-819573.0,-4406.3065,0.71
115,-495976.0,-2652.2781,0.7079
116,-810979.0,-4360.1022,0.7057
117,-511071.0,-2568.196,0.7036
118,-560493.0,-3131.2458,0.7015
119,-567579.0,-2940.8238,0.6994
120,-512861.0,-2603.3553,0.6973
121,-620133.0,-3370.288,0.6952
122,-730778.0,-3887.117,0.6931
123,-604492.0,-3148.3958,0.691
124,-500895.0,-2504.475,0.689
125,-521971.0,-2676.7744,0.6869
126,-575707.0,-3014.1728,0.6848
127,-656913.0,-3439.3351,0.6828
128,-748793.0,-3941.0158,0.6807
129,-740095.0,-3874.8429,0.6787
130,-569178.0,-2933.9072,0.6767
131,-837436.0,-4294.5436,0.6746
132,-572963.0,-3015.5947,0.6726
133,-559331.0,-2824.904,0.6706
134,-583475.0,-3070.9211,0.6686
135,-491070.0,-2518.3077,0.6666
136,-628157.0,-3237.9227,0.6646
137,-582191.0,-3146.9784,0.6626
138,-565805.0,-2946.901,0.6606
139,-593483.0,-3107.2408,0.6586
140,-596146.0,-3121.1832,0.6566
141,-558514.0,-2955.1005,0.6547
142,-630135.0,-3281.9531,0.6527
143,-558693.0,-2850.4745,0.6507
144,-495049.0,-2487.6834,0.6488
145,-528105.0,-2588.75,0.6468
146,-587607.0,-3044.5959,0.6449
147,-741935.0,-3728.3166,0.643
148,-830224.0,-4110.0198,0.641
149,-674961.0,-3533.8272,0.6391
150,-589410.0,-3053.9378,0.6372
151,-530946.0,-2824.1809,0.6353
152,-681620.0,-3531.7098,0.6334
153,-505398.0,-2477.4412,0.6315
154,-623916.0,-3088.6931,0.6296
155,-475467.0,-2489.356,0.6277
156,-455038.0,-2241.5665,0.6258
157,-663112.0,-3299.0647,0.6239
158,-556651.0,-2755.698,0.6221
159,-599144.0,-3120.5417,0.6202
160,-631331.0,-3204.7259,0.6183
161,-618873.0,-3173.7077,0.6165
162,-480831.0,-2334.1311,0.6146
163,-536199.0,-2577.8798,0.6128
164,-768270.0,-3899.8477,0.611
165,-450270.0,-2104.0654,0.6091
166,-525872.0,-2642.5729,0.6073
167,-927134.0,-4730.2755,0.6055
168,-771146.0,-3817.5545,0.6037
169,-573600.0,-2926.5306,0.6018
170,-630364.0,-3120.6139,0.6
171,-693601.0,-3468.005,0.5982
172,-583178.0,-2737.9249,0.5964
173,-548566.0,-2742.83,0.5947
174,-515673.0,-2604.4091,0.5929
175,-567372.0,-2909.6,0.5911
176,-630720.0,-3201.6244,0.5893
177,-557360.0,-2772.9353,0.5875
178,-502256.0,-2615.9167,0.5858
179,-526302.0,-2726.9534,0.584
180,-408480.0,-2105.567,0.5823
181,-537937.0,-2649.936,0.5805
182,-692618.0,-3515.8274,0.5788
183,-533765.0,-2616.4951,0.5771
184,-567002.0,-2892.8673,0.5753
185,-588782.0,-2943.91,0.5736
186,-805232.0,-3947.2157,0.5719
187,-546217.0,-2717.4975,0.5702
188,-648110.0,-3289.8985,0.5684
189,-596814.0,-2855.5694,0.5667
190,-588179.0,-2911.7772,0.565
191,-415255.0,-2025.6341,0.5633
192,-623061.0,-3084.4604,0.5617
193,-755093.0,-3794.4372,0.56
194,-1133686.0,-5612.3069,0.5583
195,-529573.0,-2364.1652,0.5566
196,-591851.0,-2845.4375,0.5549
197,-588661.0,-2843.7729,0.5533
198,-561238.0,-2685.3493,0.5516
199,-612376.0,-2902.2559,0.55
200,-437326.0,-2122.9417,0.5483
201,-558591.0,-2685.5337,0.5467
202,-461795.0,-2252.6585,0.545
203,-588230.0,-2787.8199,0.5434
204,-501174.0,-2320.25,0.5418
205,-507661.0,-2452.4686,0.5401
206,-510077.0,-2383.5374,0.5385
207,-486942.0,-2352.3768,0.5369
208,-571003.0,-2855.015,0.5353
209,-665949.0,-3397.699,0.5337
210,-807600.0,-3978.3251,0.5321
211,-425385.0,-2025.6429,0.5305
212,-479171.0,-2432.3401,0.5289
213,-909966.0,-4460.6176,0.5273
214,-500291.0,-2489.01,0.5257
215,-717999.0,-3519.6029,0.5242
216,-489343.0,-2297.385,0.5226
217,-847011.0,-4235.055,0.521
218,-463986.0,-2188.6132,0.5195
219,-536343.0,-2681.715,0.5179
220,-535071.0,-2500.3318,0.5163
221,-460698.0,-2183.4028,0.5148
222,-634707.0,-3066.2174,0.5132
223,-463296.0,-2105.8909,0.5117
224,-466506.0,-2221.4571,0.5102
225,-629874.0,-3013.7512,0.5086
226,-448555.0,-2166.9324,0.5071
227,-489988.0,-2367.0918,0.5056
228,-484118.0,-2230.9585,0.5041
229,-480555.0,-2277.5118,0.5026
230,-515969.0,-2399.8558,0.5011
231,-633341.0,-2945.7721,0.4996
232,-460024.0,-2244.0195,0.4981
233,-523951.0,-2448.3692,0.4966
234,-598030.0,-2990.15,0.4951
235,-563849.0,-2684.9952,0.4936
236,-724503.0,-3417.467,0.4921
237,-772630.0,-3593.6279,0.4906
238,-587682.0,-2785.2227,0.4892
239,-670221.0,-3222.2163,0.4877
240,-521392.0,-2482.819,0.4862
241,-654799.0,-3178.6359,0.4848
242,-521346.0,-2470.8341,0.4833
243,-814491.0,-3736.1972,0.4819
244,-516664.0,-2483.9615,0.4804
245,-547761.0,-2646.1884,0.479
246,-580263.0,-2886.8806,0.4775
247,-663909.0,-3238.5805,0.4761
248,-561444.0,-2673.5429,0.4747
249,-594187.0,-2725.6284,0.4733
250,-652419.0,-3092.0332,0.4718
251,-506582.0,-2367.2056,0.4704
252,-649162.0,-3136.0483,0.469
253,-556626.0,-2663.2823,0.4676
254,-502991.0,-2286.3227,0.4662
255,-620731.0,-2970.0048,0.4648
256,-615386.0,-3001.8829,0.4634
257,-513914.0,-2346.6393,0.462
258,-561964.0,-2688.823,0.4606
259,-477090.0,-2198.5714,0.4592
260,-573281.0,-2756.1587,0.4579
261,-487887.0,-2290.5493,0.4565
262,-424570.0,-1895.4018,0.4551
263,-719903.0,-3563.8762,0.4538
264,-396394.0,-1810.0183,0.4524
265,-520592.0,-2502.8462,0.451
266,-509576.0,-2415.0521,0.4497
267,-469322.0,-2143.0228,0.4483
268,-517038.0,-2350.1727,0.447
269,-480001.0,-2264.1557,0.4457
270,-563380.0,-2596.2212,0.4443
271,-453861.0,-2101.2083,0.443
272,-486650.0,-2350.9662,0.4417
273,-684569.0,-3069.8161,0.4403
274,-553012.0,-2525.1689,0.439
275,-459947.0,-2129.3843,0.4377
276,-508162.0,-2385.7371,0.4364
277,-639366.0,-2804.2368,0.4351
278,-567845.0,-2512.5885,0.4338
279,-462649.0,-2038.1013,0.4325
280,-576435.0,-2719.033,0.4312
281,-543800.0,-2460.6335,0.4299
282,-522251.0,-2321.1156,0.4286
283,-536374.0,-2578.7212,0.4273
284,-615031.0,-2795.5955,0.426
285,-577056.0,-2553.3451,0.4247
286,-503123.0,-2395.8238,0.4235
287,-533551.0,-2552.8756,0.4222
288,-483384.0,-2207.2329,0.4209
289,-538068.0,-2468.2018,0.4197
290,-527329.0,-2452.693,0.4184
291,-446305.0,-2028.6591,0.4171
292,-520458.0,-2333.8924,0.4159
293,-516718.0,-2306.7768,0.4146
294,-491490.0,-2244.2466,0.4134
295,-483833.0,-2250.386,0.4122
296,-556217.0,-2611.3474,0.4109
297,-515864.0,-2410.5794,0.4097
298,-543850.0,-2517.8241,0.4085
299,-576235.0,-2572.4777,0.4072
300,-397262.0,-1789.4685,0.406
301,-527527.0,-2397.85,0.4048
302,-551888.0,-2485.982,0.4036
303,-453476.0,-2051.9276,0.4024
304,-427943.0,-1910.4598,0.4012
305,-485883.0,-2228.8211,0.4
306,-466825.0,-2131.621,0.3988
307,-526854.0,-2352.0268,0.3976
308,-440674.0,-2012.21,0.3964
309,-537872.0,-2490.1481,0.3952
310,-564297.0,-2624.6372,0.394
311,-515153.0,-2341.6045,0.3928
312,-494639.0,-2228.1036,0.3916
313,-441559.0,-1887.0043,0.3905
314,-580574.0,-2568.9115,0.3893
315,-536654.0,-2507.729,0.3881
316,-451303.0,-2079.7373,0.387
317,-615227.0,-2746.5491,0.3858
318,-494253.0,-2186.9602,0.3846
319,-414780.0,-1772.5641,0.3835
320,-517820.0,-2311.6964,0.3823
321,-571184.0,-2516.2291,0.3812
322,-611958.0,-2731.9554,0.3801
323,-507594.0,-2307.2455,0.3789
324,-536444.0,-2405.5785,0.3778
325,-455233.0,-2050.5991,0.3766
326,-581916.0,-2621.2432,0.3755
327,-704627.0,-3371.4211,0.3744
328,-475131.0,-2179.5,0.3733
329,-603383.0,-2742.65,0.3721
330,-440538.0,-1966.6875,0.371
331,-612846.0,-2699.7621,0.3699
332,-596313.0,-2686.0946,0.3688
333,-507297.0,-2167.9359,0.3677
334,-506531.0,-2241.2876,0.3666
335,-543616.0,-2528.4465,0.3655
336,-565899.0,-2492.9471,0.3644
337,-485064.0,-2184.973,0.3633
338,-600116.0,-2679.0893,0.3622
339,-520178.0,-2322.2232,0.3611
340,-467820.0,-2051.8421,0.36
341,-490489.0,-2189.683,0.359
342,-447195.0,-2041.9863,0.3579
343,-493922.0,-2175.8678,0.3568
344,-467467.0,-2086.9062,0.3557
345,-689258.0,-3104.7658,0.3547
346,-534973.0,-2257.27,0.3536
347,-500504.0,-2254.5225,0.3525
348,-437355.0,-1909.8472,0.3515
349,-594625.0,-2585.3261,0.3504
350,-475345.0,-2094.0308,0.3494
351,-516091.0,-2205.5171,0.3483
352,-595486.0,-2623.2863,0.3473
353,-452981.0,-2077.8945,0.3463
354,-484745.0,-2135.4405,0.3452
355,-477709.0,-2104.4449,0.3442
356,-458730.0,-1994.4783,0.3431
357,-450249.0,-1974.7763,0.3421
358,-706359.0,-3031.5837,0.3411
359,-476803.0,-2082.1092,0.3401
360,-476410.0,-1976.805,0.339
361,-461176.0,-1970.8376,0.338
362,-477609.0,-2113.3142,0.337
363,-528953.0,-2319.9693,0.336
364,-423104.0,-1823.7241,0.335
365,-540402.0,-2467.589,0.334
366,-545917.0,-2448.0583,0.333
367,-463822.0,-2061.4311,0.332
368,-486687.0,-2125.2707,0.331
369,-511780.0,-2177.7872,0.33
370,-467286.0,-2067.6372,0.329
371,-480527.0,-2098.3712,0.328
372,-535746.0,-2329.3304,0.327
373,-491036.0,-2089.5149,0.3261
374,-1071457.0,-4826.3829,0.3251
375,-431173.0,-1842.6197,0.3241
376,-466104.0,-1934.0415,0.3231
377,-467880.0,-2098.1166,0.3222
378,-469260.0,-2085.6,0.3212
379,-465932.0,-2098.7928,0.3202
380,-500075.0,-2164.8268,0.3193
381,-514298.0,-2170.0338,0.3183
382,-546075.0,-2353.7716,0.3174
383,-451468.0,-1888.9874,0.3164
384,-426957.0,-1832.4335,0.3155
385,-463043.0,-1962.0466,0.3145
386,-462267.0,-1992.5302,0.3136
387,-438141.0,-1872.3974,0.3126
388,-572480.0,-2415.5274,0.3117
389,-700405.0,-3045.2391,0.3108
390,-463108.0,-1954.0422,0.3098
391,-558186.0,-2345.3193,0.3089
392,-458897.0,-1961.0983,0.308
393,-495395.0,-2144.5671,0.307
394,-474397.0,-2053.6667,0.3061
395,-515245.0,-2259.8465,0.3052
396,-535628.0,-2359.5947,0.3043
397,-639963.0,-2819.2203,0.3034
398,-658613.0,-2888.6535,0.3025
399,-423985.0,-1744.7942,0.3016
400,-577511.0,-2566.7156,0.3007
401,-443894.0,-1888.9106,0.2997
402,-418207.0,-1764.5865,0.2989
403,-425155.0,-1728.2724,0.298
404,-437018.0,-1867.5983,0.2971
405,-506570.0,-2183.4914,0.2962
406,-386652.0,-1645.3277,0.2953
407,-565168.0,-2446.6147,0.2944
408,-533421.0,-2250.7215,0.2935
409,-453721.0,-1914.4346,0.2926
410,-474366.0,-1952.1235,0.2918
411,-595012.0,-2531.966,0.2909
412,-503929.0,-2239.6844,0.29
413,-516232.0,-2206.1197,0.2891
414,-592027.0,-2585.2707,0.2883
415,-502026.0,-2163.9052,0.2874
416,-547013.0,-2388.7031,0.2865
417,-530612.0,-2347.8407,0.2857
418,-525282.0,-2244.7949,0.2848
419,-461259.0,-1962.8043,0.284
420,-513789.0,-2214.6078,0.2831
421,-459229.0,-1996.6478,0.2823
422,-424117.0,-1820.2446,0.2814
423,-451299.0,-1912.2839,0.2806
424,-509672.0,-2097.4156,0.2797
425,-438680.0,-1797.8689,0.2789
426,-514126.0,-2225.6537,0.2781
427,-492294.0,-2025.9012,0.2772
428,-420301.0,-1765.9706,0.2764
429,-580124.0,-2437.4958,0.2756
430,-401997.0,-1696.1899,0.2747
431,-457091.0,-1858.0935,0.2739
432,-417855.0,-1748.3473,0.2731
433,-475409.0,-1980.8708,0.2723
434,-487413.0,-2082.9615,0.2715
435,-519164.0,-2181.3613,0.2706
436,-493211.0,-2125.9095,0.2698
437,-516442.0,-2235.6797,0.269
438,-541484.0,-2354.2783,0.2682
439,-485239.0,-2056.0975,0.2674
440,-559537.0,-2411.7974,0.2666
441,-461286.0,-1979.7682,0.2658
442,-500533.0,-2076.9004,0.265
443,-507815.0,-2107.1162,0.2642
444,-656291.0,-2700.786,0.2634
445,-444455.0,-1924.0476,0.2626
446,-407245.0,-1718.3333,0.2618
447,-509922.0,-2188.5064,0.2611
448,-510905.0,-2102.4897,0.2603
449,-506158.0,-2144.7373,0.2595
450,-429008.0,-1810.1603,0.2587
451,-422735.0,-1837.9783,0.2579
452,-884492.0,-3812.4655,0.2572
453,-458273.0,-1818.5437,0.2564
454,-505722.0,-2081.1605,0.2556
455,-459424.0,-1997.4957,0.2549
456,-454715.0,-1855.9796,0.2541
457,-447924.0,-1897.9831,0.2533
458,-414004.0,-1761.7191,0.2526
459,-458006.0,-1892.5868,0.2518
460,-413081.0,-1728.3724,0.2511
461,-511314.0,-2130.475,0.2503
462,-508816.0,-2202.6667,0.2496
463,-620148.0,-2573.2282,0.2488
464,-576092.0,-2493.9048,0.2481
465,-370548.0,-1488.1446,0.2473
466,-533929.0,-2161.6559,0.2466
467,-523378.0,-2180.7417,0.2458
468,-482576.0,-2027.6303,0.2451
469,-580414.0,-2449.0042,0.2444
470,-497702.0,-2108.9068,0.2436
471,-500010.0,-2032.561,0.2429
472,-488261.0,-2017.6074,0.2422
473,-485362.0,-1965.0283,0.2414
474,-457989.0,-1908.2875,0.2407
475,-642245.0,-2687.2176,0.24
476,-465672.0,-1940.3,0.2393
477,-402898.0,-1637.7967,0.2386
478,-397209.0,-1641.3595,0.2378
479,-425678.0,-1751.7613,0.2371
480,-465022.0,-1921.5785,0.2364
481,-441648.0,-1824.9917,0.2357
482,-461087.0,-1905.3182,0.235
483,-453013.0,-1834.0607,0.2343
484,-373006.0,-1522.4735,0.2336
485,-474253.0,-2001.0675,0.2329
486,-574869.0,-2521.3553,0.2322
487,-578459.0,-2410.2458,0.2315
488,-528327.0,-2210.5732,0.2308
489,-415707.0,-1768.966,0.2301
490,-593544.0,-2515.0169,0.2294
491,-512264.0,-2057.2851,0.2287
492,-506255.0,-2083.3539,0.228
493,-416641.0,-1728.8008,0.2274
494,-388279.0,-1597.856,0.2267
495,-527701.0,-2162.709,0.226
496,-442527.0,-1806.2327,0.2253
497,-485141.0,-2021.4208,0.2246
498,-422506.0,-1745.8926,0.224
499,-545615.0,-2173.7649,0.2233
500,-500850.0,-2086.875,0.2226
